patient,sample,lane,fastq_1,fastq_2
M8584,M8584,L001_001,s3://katerina-lind-storage/raw/M8584/M8584_L001_R1_001.fastq.gz,s3://katerina-lind-storage/raw/M8584/M8584_L001_R2_001.fastq.gz
M8584,M8584,L001_002,s3://katerina-lind-storage/raw/M8584/M8584_L001_R1_002.fastq.gz,s3://katerina-lind-storage/raw/M8584/M8584_L001_R2_002.fastq.gz
M8584,M8584,L001_003,s3://katerina-lind-storage/raw/M8584/M8584_L001_R1_003.fastq.gz,s3://katerina-lind-storage/raw/M8584/M8584_L001_R2_003.fastq.gz
M8584,M8584,L001_004,s3://katerina-lind-storage/raw/M8584/M8584_L001_R1_004.fastq.gz,s3://katerina-lind-storage/raw/M8584/M8584_L001_R2_004.fastq.gz
M8584,M8584,L001_005,s3://katerina-lind-storage/raw/M8584/M8584_L001_R1_005.fastq.gz,s3://katerina-lind-storage/raw/M8584/M8584_L001_R2_005.fastq.gz
M8584,M8584,L001_006,s3://katerina-lind-storage/raw/M8584/M8584_L001_R1_006.fastq.gz,s3://katerina-lind-storage/raw/M8584/M8584_L001_R2_006.fastq.gz
M8584,M8584,L001_007,s3://katerina-lind-storage/raw/M8584/M8584_L001_R1_007.fastq.gz,s3://katerina-lind-storage/raw/M8584/M8584_L001_R2_007.fastq.gz
M8584,M8584,L001_008,s3://katerina-lind-storage/raw/M8584/M8584_L001_R1_008.fastq.gz,s3://katerina-lind-storage/raw/M8584/M8584_L001_R2_008.fastq.gz
M8584,M8584,L001_009,s3://katerina-lind-storage/raw/M8584/M8584_L001_R1_009.fastq.gz,s3://katerina-lind-storage/raw/M8584/M8584_L001_R2_009.fastq.gz
M8584,M8584,L001_010,s3://katerina-lind-storage/raw/M8584/M8584_L001_R1_010.fastq.gz,s3://katerina-lind-storage/raw/M8584/M8584_L001_R2_010.fastq.gz
M8584,M8584,L001_011,s3://katerina-lind-storage/raw/M8584/M8584_L001_R1_011.fastq.gz,s3://katerina-lind-storage/raw/M8584/M8584_L001_R2_011.fastq.gz
M8584,M8584,L001_012,s3://katerina-lind-storage/raw/M8584/M8584_L001_R1_012.fastq.gz,s3://katerina-lind-storage/raw/M8584/M8584_L001_R2_012.fastq.gz
M8584,M8584,L001_013,s3://katerina-lind-storage/raw/M8584/M8584_L001_R1_013.fastq.gz,s3://katerina-lind-storage/raw/M8584/M8584_L001_R2_013.fastq.gz
M8584,M8584,L001_014,s3://katerina-lind-storage/raw/M8584/M8584_L001_R1_014.fastq.gz,s3://katerina-lind-storage/raw/M8584/M8584_L001_R2_014.fastq.gz
M8584,M8584,L001_015,s3://katerina-lind-storage/raw/M8584/M8584_L001_R1_015.fastq.gz,s3://katerina-lind-storage/raw/M8584/M8584_L001_R2_015.fastq.gz
M8584,M8584,L001_016,s3://katerina-lind-storage/raw/M8584/M8584_L001_R1_016.fastq.gz,s3://katerina-lind-storage/raw/M8584/M8584_L001_R2_016.fastq.gz
M8584,M8584,L001_017,s3://katerina-lind-storage/raw/M8584/M8584_L001_R1_017.fastq.gz,s3://katerina-lind-storage/raw/M8584/M8584_L001_R2_017.fastq.gz
M8584,M8584,L001_018,s3://katerina-lind-storage/raw/M8584/M8584_L001_R1_018.fastq.gz,s3://katerina-lind-storage/raw/M8584/M8584_L001_R2_018.fastq.gz
M8584,M8584,L001_019,s3://katerina-lind-storage/raw/M8584/M8584_L001_R1_019.fastq.gz,s3://katerina-lind-storage/raw/M8584/M8584_L001_R2_019.fastq.gz
M8584,M8584,L001_020,s3://katerina-lind-storage/raw/M8584/M8584_L001_R1_020.fastq.gz,s3://katerina-lind-storage/raw/M8584/M8584_L001_R2_020.fastq.gz
M8584,M8584,L001_021,s3://katerina-lind-storage/raw/M8584/M8584_L001_R1_021.fastq.gz,s3://katerina-lind-storage/raw/M8584/M8584_L001_R2_021.fastq.gz
M8584,M8584,L001_022,s3://katerina-lind-storage/raw/M8584/M8584_L001_R1_022.fastq.gz,s3://katerina-lind-storage/raw/M8584/M8584_L001_R2_022.fastq.gz
M8584,M8584,L001_023,s3://katerina-lind-storage/raw/M8584/M8584_L001_R1_023.fastq.gz,s3://katerina-lind-storage/raw/M8584/M8584_L001_R2_023.fastq.gz
M8584,M8584,L001_024,s3://katerina-lind-storage/raw/M8584/M8584_L001_R1_024.fastq.gz,s3://katerina-lind-storage/raw/M8584/M8584_L001_R2_024.fastq.gz
M8584,M8584,L001_025,s3://katerina-lind-storage/raw/M8584/M8584_L001_R1_025.fastq.gz,s3://katerina-lind-storage/raw/M8584/M8584_L001_R2_025.fastq.gz
M8584,M8584,L001_026,s3://katerina-lind-storage/raw/M8584/M8584_L001_R1_026.fastq.gz,s3://katerina-lind-storage/raw/M8584/M8584_L001_R2_026.fastq.gz
M8584,M8584,L001_027,s3://katerina-lind-storage/raw/M8584/M8584_L001_R1_027.fastq.gz,s3://katerina-lind-storage/raw/M8584/M8584_L001_R2_027.fastq.gz
M8584,M8584,L002_001,s3://katerina-lind-storage/raw/M8584/M8584_L002_R1_001.fastq.gz,s3://katerina-lind-storage/raw/M8584/M8584_L002_R2_001.fastq.gz
M8584,M8584,L002_002,s3://katerina-lind-storage/raw/M8584/M8584_L002_R1_002.fastq.gz,s3://katerina-lind-storage/raw/M8584/M8584_L002_R2_002.fastq.gz
M8584,M8584,L002_003,s3://katerina-lind-storage/raw/M8584/M8584_L002_R1_003.fastq.gz,s3://katerina-lind-storage/raw/M8584/M8584_L002_R2_003.fastq.gz
M8584,M8584,L002_004,s3://katerina-lind-storage/raw/M8584/M8584_L002_R1_004.fastq.gz,s3://katerina-lind-storage/raw/M8584/M8584_L002_R2_004.fastq.gz
M8584,M8584,L002_005,s3://katerina-lind-storage/raw/M8584/M8584_L002_R1_005.fastq.gz,s3://katerina-lind-storage/raw/M8584/M8584_L002_R2_005.fastq.gz
M8584,M8584,L002_006,s3://katerina-lind-storage/raw/M8584/M8584_L002_R1_006.fastq.gz,s3://katerina-lind-storage/raw/M8584/M8584_L002_R2_006.fastq.gz
M8584,M8584,L002_007,s3://katerina-lind-storage/raw/M8584/M8584_L002_R1_007.fastq.gz,s3://katerina-lind-storage/raw/M8584/M8584_L002_R2_007.fastq.gz
M8584,M8584,L002_008,s3://katerina-lind-storage/raw/M8584/M8584_L002_R1_008.fastq.gz,s3://katerina-lind-storage/raw/M8584/M8584_L002_R2_008.fastq.gz
M8584,M8584,L002_009,s3://katerina-lind-storage/raw/M8584/M8584_L002_R1_009.fastq.gz,s3://katerina-lind-storage/raw/M8584/M8584_L002_R2_009.fastq.gz
M8584,M8584,L002_010,s3://katerina-lind-storage/raw/M8584/M8584_L002_R1_010.fastq.gz,s3://katerina-lind-storage/raw/M8584/M8584_L002_R2_010.fastq.gz
M8584,M8584,L002_011,s3://katerina-lind-storage/raw/M8584/M8584_L002_R1_011.fastq.gz,s3://katerina-lind-storage/raw/M8584/M8584_L002_R2_011.fastq.gz
M8584,M8584,L002_012,s3://katerina-lind-storage/raw/M8584/M8584_L002_R1_012.fastq.gz,s3://katerina-lind-storage/raw/M8584/M8584_L002_R2_012.fastq.gz
M8584,M8584,L002_013,s3://katerina-lind-storage/raw/M8584/M8584_L002_R1_013.fastq.gz,s3://katerina-lind-storage/raw/M8584/M8584_L002_R2_013.fastq.gz
M8584,M8584,L002_014,s3://katerina-lind-storage/raw/M8584/M8584_L002_R1_014.fastq.gz,s3://katerina-lind-storage/raw/M8584/M8584_L002_R2_014.fastq.gz
M8584,M8584,L002_015,s3://katerina-lind-storage/raw/M8584/M8584_L002_R1_015.fastq.gz,s3://katerina-lind-storage/raw/M8584/M8584_L002_R2_015.fastq.gz
M8584,M8584,L002_016,s3://katerina-lind-storage/raw/M8584/M8584_L002_R1_016.fastq.gz,s3://katerina-lind-storage/raw/M8584/M8584_L002_R2_016.fastq.gz
M8584,M8584,L002_017,s3://katerina-lind-storage/raw/M8584/M8584_L002_R1_017.fastq.gz,s3://katerina-lind-storage/raw/M8584/M8584_L002_R2_017.fastq.gz
M8584,M8584,L002_018,s3://katerina-lind-storage/raw/M8584/M8584_L002_R1_018.fastq.gz,s3://katerina-lind-storage/raw/M8584/M8584_L002_R2_018.fastq.gz
M8584,M8584,L002_019,s3://katerina-lind-storage/raw/M8584/M8584_L002_R1_019.fastq.gz,s3://katerina-lind-storage/raw/M8584/M8584_L002_R2_019.fastq.gz
M8584,M8584,L002_020,s3://katerina-lind-storage/raw/M8584/M8584_L002_R1_020.fastq.gz,s3://katerina-lind-storage/raw/M8584/M8584_L002_R2_020.fastq.gz
M8584,M8584,L002_021,s3://katerina-lind-storage/raw/M8584/M8584_L002_R1_021.fastq.gz,s3://katerina-lind-storage/raw/M8584/M8584_L002_R2_021.fastq.gz
M8584,M8584,L002_022,s3://katerina-lind-storage/raw/M8584/M8584_L002_R1_022.fastq.gz,s3://katerina-lind-storage/raw/M8584/M8584_L002_R2_022.fastq.gz
M8584,M8584,L002_023,s3://katerina-lind-storage/raw/M8584/M8584_L002_R1_023.fastq.gz,s3://katerina-lind-storage/raw/M8584/M8584_L002_R2_023.fastq.gz
M8584,M8584,L002_024,s3://katerina-lind-storage/raw/M8584/M8584_L002_R1_024.fastq.gz,s3://katerina-lind-storage/raw/M8584/M8584_L002_R2_024.fastq.gz
M8584,M8584,L002_025,s3://katerina-lind-storage/raw/M8584/M8584_L002_R1_025.fastq.gz,s3://katerina-lind-storage/raw/M8584/M8584_L002_R2_025.fastq.gz
M8584,M8584,L002_026,s3://katerina-lind-storage/raw/M8584/M8584_L002_R1_026.fastq.gz,s3://katerina-lind-storage/raw/M8584/M8584_L002_R2_026.fastq.gz
M8584,M8584,L002_027,s3://katerina-lind-storage/raw/M8584/M8584_L002_R1_027.fastq.gz,s3://katerina-lind-storage/raw/M8584/M8584_L002_R2_027.fastq.gz
M8584,M8584,L003_001,s3://katerina-lind-storage/raw/M8584/M8584_L003_R1_001.fastq.gz,s3://katerina-lind-storage/raw/M8584/M8584_L003_R2_001.fastq.gz
M8584,M8584,L003_002,s3://katerina-lind-storage/raw/M8584/M8584_L003_R1_002.fastq.gz,s3://katerina-lind-storage/raw/M8584/M8584_L003_R2_002.fastq.gz
M8584,M8584,L003_003,s3://katerina-lind-storage/raw/M8584/M8584_L003_R1_003.fastq.gz,s3://katerina-lind-storage/raw/M8584/M8584_L003_R2_003.fastq.gz
M8584,M8584,L003_004,s3://katerina-lind-storage/raw/M8584/M8584_L003_R1_004.fastq.gz,s3://katerina-lind-storage/raw/M8584/M8584_L003_R2_004.fastq.gz
M8584,M8584,L003_005,s3://katerina-lind-storage/raw/M8584/M8584_L003_R1_005.fastq.gz,s3://katerina-lind-storage/raw/M8584/M8584_L003_R2_005.fastq.gz
M8584,M8584,L003_006,s3://katerina-lind-storage/raw/M8584/M8584_L003_R1_006.fastq.gz,s3://katerina-lind-storage/raw/M8584/M8584_L003_R2_006.fastq.gz
M8584,M8584,L003_007,s3://katerina-lind-storage/raw/M8584/M8584_L003_R1_007.fastq.gz,s3://katerina-lind-storage/raw/M8584/M8584_L003_R2_007.fastq.gz
M8584,M8584,L003_008,s3://katerina-lind-storage/raw/M8584/M8584_L003_R1_008.fastq.gz,s3://katerina-lind-storage/raw/M8584/M8584_L003_R2_008.fastq.gz
M8584,M8584,L003_009,s3://katerina-lind-storage/raw/M8584/M8584_L003_R1_009.fastq.gz,s3://katerina-lind-storage/raw/M8584/M8584_L003_R2_009.fastq.gz
M8584,M8584,L003_010,s3://katerina-lind-storage/raw/M8584/M8584_L003_R1_010.fastq.gz,s3://katerina-lind-storage/raw/M8584/M8584_L003_R2_010.fastq.gz
M8584,M8584,L003_011,s3://katerina-lind-storage/raw/M8584/M8584_L003_R1_011.fastq.gz,s3://katerina-lind-storage/raw/M8584/M8584_L003_R2_011.fastq.gz
M8584,M8584,L003_012,s3://katerina-lind-storage/raw/M8584/M8584_L003_R1_012.fastq.gz,s3://katerina-lind-storage/raw/M8584/M8584_L003_R2_012.fastq.gz
M8584,M8584,L003_013,s3://katerina-lind-storage/raw/M8584/M8584_L003_R1_013.fastq.gz,s3://katerina-lind-storage/raw/M8584/M8584_L003_R2_013.fastq.gz
M8584,M8584,L003_014,s3://katerina-lind-storage/raw/M8584/M8584_L003_R1_014.fastq.gz,s3://katerina-lind-storage/raw/M8584/M8584_L003_R2_014.fastq.gz
M8584,M8584,L003_015,s3://katerina-lind-storage/raw/M8584/M8584_L003_R1_015.fastq.gz,s3://katerina-lind-storage/raw/M8584/M8584_L003_R2_015.fastq.gz
M8584,M8584,L003_016,s3://katerina-lind-storage/raw/M8584/M8584_L003_R1_016.fastq.gz,s3://katerina-lind-storage/raw/M8584/M8584_L003_R2_016.fastq.gz
M8584,M8584,L003_017,s3://katerina-lind-storage/raw/M8584/M8584_L003_R1_017.fastq.gz,s3://katerina-lind-storage/raw/M8584/M8584_L003_R2_017.fastq.gz
M8584,M8584,L003_018,s3://katerina-lind-storage/raw/M8584/M8584_L003_R1_018.fastq.gz,s3://katerina-lind-storage/raw/M8584/M8584_L003_R2_018.fastq.gz
M8584,M8584,L003_019,s3://katerina-lind-storage/raw/M8584/M8584_L003_R1_019.fastq.gz,s3://katerina-lind-storage/raw/M8584/M8584_L003_R2_019.fastq.gz
M8584,M8584,L003_020,s3://katerina-lind-storage/raw/M8584/M8584_L003_R1_020.fastq.gz,s3://katerina-lind-storage/raw/M8584/M8584_L003_R2_020.fastq.gz
M8584,M8584,L003_021,s3://katerina-lind-storage/raw/M8584/M8584_L003_R1_021.fastq.gz,s3://katerina-lind-storage/raw/M8584/M8584_L003_R2_021.fastq.gz
M8584,M8584,L003_022,s3://katerina-lind-storage/raw/M8584/M8584_L003_R1_022.fastq.gz,s3://katerina-lind-storage/raw/M8584/M8584_L003_R2_022.fastq.gz
M8584,M8584,L003_023,s3://katerina-lind-storage/raw/M8584/M8584_L003_R1_023.fastq.gz,s3://katerina-lind-storage/raw/M8584/M8584_L003_R2_023.fastq.gz
M8584,M8584,L003_024,s3://katerina-lind-storage/raw/M8584/M8584_L003_R1_024.fastq.gz,s3://katerina-lind-storage/raw/M8584/M8584_L003_R2_024.fastq.gz
M8584,M8584,L003_025,s3://katerina-lind-storage/raw/M8584/M8584_L003_R1_025.fastq.gz,s3://katerina-lind-storage/raw/M8584/M8584_L003_R2_025.fastq.gz
M8584,M8584,L003_026,s3://katerina-lind-storage/raw/M8584/M8584_L003_R1_026.fastq.gz,s3://katerina-lind-storage/raw/M8584/M8584_L003_R2_026.fastq.gz
M8584,M8584,L004_001,s3://katerina-lind-storage/raw/M8584/M8584_L004_R1_001.fastq.gz,s3://katerina-lind-storage/raw/M8584/M8584_L004_R2_001.fastq.gz
M8584,M8584,L004_002,s3://katerina-lind-storage/raw/M8584/M8584_L004_R1_002.fastq.gz,s3://katerina-lind-storage/raw/M8584/M8584_L004_R2_002.fastq.gz
M8584,M8584,L004_003,s3://katerina-lind-storage/raw/M8584/M8584_L004_R1_003.fastq.gz,s3://katerina-lind-storage/raw/M8584/M8584_L004_R2_003.fastq.gz
M8584,M8584,L004_004,s3://katerina-lind-storage/raw/M8584/M8584_L004_R1_004.fastq.gz,s3://katerina-lind-storage/raw/M8584/M8584_L004_R2_004.fastq.gz
M8584,M8584,L004_005,s3://katerina-lind-storage/raw/M8584/M8584_L004_R1_005.fastq.gz,s3://katerina-lind-storage/raw/M8584/M8584_L004_R2_005.fastq.gz
M8584,M8584,L004_006,s3://katerina-lind-storage/raw/M8584/M8584_L004_R1_006.fastq.gz,s3://katerina-lind-storage/raw/M8584/M8584_L004_R2_006.fastq.gz
M8584,M8584,L004_007,s3://katerina-lind-storage/raw/M8584/M8584_L004_R1_007.fastq.gz,s3://katerina-lind-storage/raw/M8584/M8584_L004_R2_007.fastq.gz
M8584,M8584,L004_008,s3://katerina-lind-storage/raw/M8584/M8584_L004_R1_008.fastq.gz,s3://katerina-lind-storage/raw/M8584/M8584_L004_R2_008.fastq.gz
M8584,M8584,L004_009,s3://katerina-lind-storage/raw/M8584/M8584_L004_R1_009.fastq.gz,s3://katerina-lind-storage/raw/M8584/M8584_L004_R2_009.fastq.gz
M8584,M8584,L004_010,s3://katerina-lind-storage/raw/M8584/M8584_L004_R1_010.fastq.gz,s3://katerina-lind-storage/raw/M8584/M8584_L004_R2_010.fastq.gz
M8584,M8584,L004_011,s3://katerina-lind-storage/raw/M8584/M8584_L004_R1_011.fastq.gz,s3://katerina-lind-storage/raw/M8584/M8584_L004_R2_011.fastq.gz
M8584,M8584,L004_012,s3://katerina-lind-storage/raw/M8584/M8584_L004_R1_012.fastq.gz,s3://katerina-lind-storage/raw/M8584/M8584_L004_R2_012.fastq.gz
M8584,M8584,L004_013,s3://katerina-lind-storage/raw/M8584/M8584_L004_R1_013.fastq.gz,s3://katerina-lind-storage/raw/M8584/M8584_L004_R2_013.fastq.gz
M8584,M8584,L004_014,s3://katerina-lind-storage/raw/M8584/M8584_L004_R1_014.fastq.gz,s3://katerina-lind-storage/raw/M8584/M8584_L004_R2_014.fastq.gz
M8584,M8584,L004_015,s3://katerina-lind-storage/raw/M8584/M8584_L004_R1_015.fastq.gz,s3://katerina-lind-storage/raw/M8584/M8584_L004_R2_015.fastq.gz
M8584,M8584,L004_016,s3://katerina-lind-storage/raw/M8584/M8584_L004_R1_016.fastq.gz,s3://katerina-lind-storage/raw/M8584/M8584_L004_R2_016.fastq.gz
M8584,M8584,L004_017,s3://katerina-lind-storage/raw/M8584/M8584_L004_R1_017.fastq.gz,s3://katerina-lind-storage/raw/M8584/M8584_L004_R2_017.fastq.gz
M8584,M8584,L004_018,s3://katerina-lind-storage/raw/M8584/M8584_L004_R1_018.fastq.gz,s3://katerina-lind-storage/raw/M8584/M8584_L004_R2_018.fastq.gz
M8584,M8584,L004_019,s3://katerina-lind-storage/raw/M8584/M8584_L004_R1_019.fastq.gz,s3://katerina-lind-storage/raw/M8584/M8584_L004_R2_019.fastq.gz
M8584,M8584,L004_020,s3://katerina-lind-storage/raw/M8584/M8584_L004_R1_020.fastq.gz,s3://katerina-lind-storage/raw/M8584/M8584_L004_R2_020.fastq.gz
M8584,M8584,L004_021,s3://katerina-lind-storage/raw/M8584/M8584_L004_R1_021.fastq.gz,s3://katerina-lind-storage/raw/M8584/M8584_L004_R2_021.fastq.gz
M8584,M8584,L004_022,s3://katerina-lind-storage/raw/M8584/M8584_L004_R1_022.fastq.gz,s3://katerina-lind-storage/raw/M8584/M8584_L004_R2_022.fastq.gz
M8584,M8584,L004_023,s3://katerina-lind-storage/raw/M8584/M8584_L004_R1_023.fastq.gz,s3://katerina-lind-storage/raw/M8584/M8584_L004_R2_023.fastq.gz
M8584,M8584,L004_024,s3://katerina-lind-storage/raw/M8584/M8584_L004_R1_024.fastq.gz,s3://katerina-lind-storage/raw/M8584/M8584_L004_R2_024.fastq.gz
M8584,M8584,L004_025,s3://katerina-lind-storage/raw/M8584/M8584_L004_R1_025.fastq.gz,s3://katerina-lind-storage/raw/M8584/M8584_L004_R2_025.fastq.gz
M8584,M8584,L004_026,s3://katerina-lind-storage/raw/M8584/M8584_L004_R1_026.fastq.gz,s3://katerina-lind-storage/raw/M8584/M8584_L004_R2_026.fastq.gz
M8584,M8584,L004_027,s3://katerina-lind-storage/raw/M8584/M8584_L004_R1_027.fastq.gz,s3://katerina-lind-storage/raw/M8584/M8584_L004_R2_027.fastq.gz
M8784,M8784,L001_001,s3://katerina-lind-storage/raw/M8784/M8784_L001_R1_001.fastq.gz,s3://katerina-lind-storage/raw/M8784/M8784_L001_R2_001.fastq.gz
M8784,M8784,L001_002,s3://katerina-lind-storage/raw/M8784/M8784_L001_R1_002.fastq.gz,s3://katerina-lind-storage/raw/M8784/M8784_L001_R2_002.fastq.gz
M8784,M8784,L001_003,s3://katerina-lind-storage/raw/M8784/M8784_L001_R1_003.fastq.gz,s3://katerina-lind-storage/raw/M8784/M8784_L001_R2_003.fastq.gz
M8784,M8784,L001_004,s3://katerina-lind-storage/raw/M8784/M8784_L001_R1_004.fastq.gz,s3://katerina-lind-storage/raw/M8784/M8784_L001_R2_004.fastq.gz
M8784,M8784,L001_005,s3://katerina-lind-storage/raw/M8784/M8784_L001_R1_005.fastq.gz,s3://katerina-lind-storage/raw/M8784/M8784_L001_R2_005.fastq.gz
M8784,M8784,L001_006,s3://katerina-lind-storage/raw/M8784/M8784_L001_R1_006.fastq.gz,s3://katerina-lind-storage/raw/M8784/M8784_L001_R2_006.fastq.gz
M8784,M8784,L001_007,s3://katerina-lind-storage/raw/M8784/M8784_L001_R1_007.fastq.gz,s3://katerina-lind-storage/raw/M8784/M8784_L001_R2_007.fastq.gz
M8784,M8784,L001_008,s3://katerina-lind-storage/raw/M8784/M8784_L001_R1_008.fastq.gz,s3://katerina-lind-storage/raw/M8784/M8784_L001_R2_008.fastq.gz
M8784,M8784,L001_009,s3://katerina-lind-storage/raw/M8784/M8784_L001_R1_009.fastq.gz,s3://katerina-lind-storage/raw/M8784/M8784_L001_R2_009.fastq.gz
M8784,M8784,L001_010,s3://katerina-lind-storage/raw/M8784/M8784_L001_R1_010.fastq.gz,s3://katerina-lind-storage/raw/M8784/M8784_L001_R2_010.fastq.gz
M8784,M8784,L001_011,s3://katerina-lind-storage/raw/M8784/M8784_L001_R1_011.fastq.gz,s3://katerina-lind-storage/raw/M8784/M8784_L001_R2_011.fastq.gz
M8784,M8784,L001_012,s3://katerina-lind-storage/raw/M8784/M8784_L001_R1_012.fastq.gz,s3://katerina-lind-storage/raw/M8784/M8784_L001_R2_012.fastq.gz
M8784,M8784,L001_013,s3://katerina-lind-storage/raw/M8784/M8784_L001_R1_013.fastq.gz,s3://katerina-lind-storage/raw/M8784/M8784_L001_R2_013.fastq.gz
M8784,M8784,L001_014,s3://katerina-lind-storage/raw/M8784/M8784_L001_R1_014.fastq.gz,s3://katerina-lind-storage/raw/M8784/M8784_L001_R2_014.fastq.gz
M8784,M8784,L001_015,s3://katerina-lind-storage/raw/M8784/M8784_L001_R1_015.fastq.gz,s3://katerina-lind-storage/raw/M8784/M8784_L001_R2_015.fastq.gz
M8784,M8784,L001_016,s3://katerina-lind-storage/raw/M8784/M8784_L001_R1_016.fastq.gz,s3://katerina-lind-storage/raw/M8784/M8784_L001_R2_016.fastq.gz
M8784,M8784,L002_001,s3://katerina-lind-storage/raw/M8784/M8784_L002_R1_001.fastq.gz,s3://katerina-lind-storage/raw/M8784/M8784_L002_R2_001.fastq.gz
M8784,M8784,L002_002,s3://katerina-lind-storage/raw/M8784/M8784_L002_R1_002.fastq.gz,s3://katerina-lind-storage/raw/M8784/M8784_L002_R2_002.fastq.gz
M8784,M8784,L002_003,s3://katerina-lind-storage/raw/M8784/M8784_L002_R1_003.fastq.gz,s3://katerina-lind-storage/raw/M8784/M8784_L002_R2_003.fastq.gz
M8784,M8784,L002_004,s3://katerina-lind-storage/raw/M8784/M8784_L002_R1_004.fastq.gz,s3://katerina-lind-storage/raw/M8784/M8784_L002_R2_004.fastq.gz
M8784,M8784,L002_005,s3://katerina-lind-storage/raw/M8784/M8784_L002_R1_005.fastq.gz,s3://katerina-lind-storage/raw/M8784/M8784_L002_R2_005.fastq.gz
M8784,M8784,L002_006,s3://katerina-lind-storage/raw/M8784/M8784_L002_R1_006.fastq.gz,s3://katerina-lind-storage/raw/M8784/M8784_L002_R2_006.fastq.gz
M8784,M8784,L002_007,s3://katerina-lind-storage/raw/M8784/M8784_L002_R1_007.fastq.gz,s3://katerina-lind-storage/raw/M8784/M8784_L002_R2_007.fastq.gz
M8784,M8784,L002_008,s3://katerina-lind-storage/raw/M8784/M8784_L002_R1_008.fastq.gz,s3://katerina-lind-storage/raw/M8784/M8784_L002_R2_008.fastq.gz
M8784,M8784,L002_009,s3://katerina-lind-storage/raw/M8784/M8784_L002_R1_009.fastq.gz,s3://katerina-lind-storage/raw/M8784/M8784_L002_R2_009.fastq.gz
M8784,M8784,L002_010,s3://katerina-lind-storage/raw/M8784/M8784_L002_R1_010.fastq.gz,s3://katerina-lind-storage/raw/M8784/M8784_L002_R2_010.fastq.gz
M8784,M8784,L002_011,s3://katerina-lind-storage/raw/M8784/M8784_L002_R1_011.fastq.gz,s3://katerina-lind-storage/raw/M8784/M8784_L002_R2_011.fastq.gz
M8784,M8784,L002_012,s3://katerina-lind-storage/raw/M8784/M8784_L002_R1_012.fastq.gz,s3://katerina-lind-storage/raw/M8784/M8784_L002_R2_012.fastq.gz
M8784,M8784,L002_013,s3://katerina-lind-storage/raw/M8784/M8784_L002_R1_013.fastq.gz,s3://katerina-lind-storage/raw/M8784/M8784_L002_R2_013.fastq.gz
M8784,M8784,L002_014,s3://katerina-lind-storage/raw/M8784/M8784_L002_R1_014.fastq.gz,s3://katerina-lind-storage/raw/M8784/M8784_L002_R2_014.fastq.gz
M8784,M8784,L002_015,s3://katerina-lind-storage/raw/M8784/M8784_L002_R1_015.fastq.gz,s3://katerina-lind-storage/raw/M8784/M8784_L002_R2_015.fastq.gz
M8784,M8784,L002_016,s3://katerina-lind-storage/raw/M8784/M8784_L002_R1_016.fastq.gz,s3://katerina-lind-storage/raw/M8784/M8784_L002_R2_016.fastq.gz
M8784,M8784,L003_001,s3://katerina-lind-storage/raw/M8784/M8784_L003_R1_001.fastq.gz,s3://katerina-lind-storage/raw/M8784/M8784_L003_R2_001.fastq.gz
M8784,M8784,L003_002,s3://katerina-lind-storage/raw/M8784/M8784_L003_R1_002.fastq.gz,s3://katerina-lind-storage/raw/M8784/M8784_L003_R2_002.fastq.gz
M8784,M8784,L003_003,s3://katerina-lind-storage/raw/M8784/M8784_L003_R1_003.fastq.gz,s3://katerina-lind-storage/raw/M8784/M8784_L003_R2_003.fastq.gz
M8784,M8784,L003_004,s3://katerina-lind-storage/raw/M8784/M8784_L003_R1_004.fastq.gz,s3://katerina-lind-storage/raw/M8784/M8784_L003_R2_004.fastq.gz
M8784,M8784,L003_005,s3://katerina-lind-storage/raw/M8784/M8784_L003_R1_005.fastq.gz,s3://katerina-lind-storage/raw/M8784/M8784_L003_R2_005.fastq.gz
M8784,M8784,L003_006,s3://katerina-lind-storage/raw/M8784/M8784_L003_R1_006.fastq.gz,s3://katerina-lind-storage/raw/M8784/M8784_L003_R2_006.fastq.gz
M8784,M8784,L003_007,s3://katerina-lind-storage/raw/M8784/M8784_L003_R1_007.fastq.gz,s3://katerina-lind-storage/raw/M8784/M8784_L003_R2_007.fastq.gz
M8784,M8784,L003_008,s3://katerina-lind-storage/raw/M8784/M8784_L003_R1_008.fastq.gz,s3://katerina-lind-storage/raw/M8784/M8784_L003_R2_008.fastq.gz
M8784,M8784,L003_009,s3://katerina-lind-storage/raw/M8784/M8784_L003_R1_009.fastq.gz,s3://katerina-lind-storage/raw/M8784/M8784_L003_R2_009.fastq.gz
M8784,M8784,L003_010,s3://katerina-lind-storage/raw/M8784/M8784_L003_R1_010.fastq.gz,s3://katerina-lind-storage/raw/M8784/M8784_L003_R2_010.fastq.gz
M8784,M8784,L003_011,s3://katerina-lind-storage/raw/M8784/M8784_L003_R1_011.fastq.gz,s3://katerina-lind-storage/raw/M8784/M8784_L003_R2_011.fastq.gz
M8784,M8784,L003_012,s3://katerina-lind-storage/raw/M8784/M8784_L003_R1_012.fastq.gz,s3://katerina-lind-storage/raw/M8784/M8784_L003_R2_012.fastq.gz
M8784,M8784,L003_013,s3://katerina-lind-storage/raw/M8784/M8784_L003_R1_013.fastq.gz,s3://katerina-lind-storage/raw/M8784/M8784_L003_R2_013.fastq.gz
M8784,M8784,L003_014,s3://katerina-lind-storage/raw/M8784/M8784_L003_R1_014.fastq.gz,s3://katerina-lind-storage/raw/M8784/M8784_L003_R2_014.fastq.gz
M8784,M8784,L003_015,s3://katerina-lind-storage/raw/M8784/M8784_L003_R1_015.fastq.gz,s3://katerina-lind-storage/raw/M8784/M8784_L003_R2_015.fastq.gz
M8784,M8784,L003_016,s3://katerina-lind-storage/raw/M8784/M8784_L003_R1_016.fastq.gz,s3://katerina-lind-storage/raw/M8784/M8784_L003_R2_016.fastq.gz
M8784,M8784,L004_001,s3://katerina-lind-storage/raw/M8784/M8784_L004_R1_001.fastq.gz,s3://katerina-lind-storage/raw/M8784/M8784_L004_R2_001.fastq.gz
M8784,M8784,L004_002,s3://katerina-lind-storage/raw/M8784/M8784_L004_R1_002.fastq.gz,s3://katerina-lind-storage/raw/M8784/M8784_L004_R2_002.fastq.gz
M8784,M8784,L004_003,s3://katerina-lind-storage/raw/M8784/M8784_L004_R1_003.fastq.gz,s3://katerina-lind-storage/raw/M8784/M8784_L004_R2_003.fastq.gz
M8784,M8784,L004_004,s3://katerina-lind-storage/raw/M8784/M8784_L004_R1_004.fastq.gz,s3://katerina-lind-storage/raw/M8784/M8784_L004_R2_004.fastq.gz
M8784,M8784,L004_005,s3://katerina-lind-storage/raw/M8784/M8784_L004_R1_005.fastq.gz,s3://katerina-lind-storage/raw/M8784/M8784_L004_R2_005.fastq.gz
M8784,M8784,L004_006,s3://katerina-lind-storage/raw/M8784/M8784_L004_R1_006.fastq.gz,s3://katerina-lind-storage/raw/M8784/M8784_L004_R2_006.fastq.gz
M8784,M8784,L004_007,s3://katerina-lind-storage/raw/M8784/M8784_L004_R1_007.fastq.gz,s3://katerina-lind-storage/raw/M8784/M8784_L004_R2_007.fastq.gz
M8784,M8784,L004_008,s3://katerina-lind-storage/raw/M8784/M8784_L004_R1_008.fastq.gz,s3://katerina-lind-storage/raw/M8784/M8784_L004_R2_008.fastq.gz
M8784,M8784,L004_009,s3://katerina-lind-storage/raw/M8784/M8784_L004_R1_009.fastq.gz,s3://katerina-lind-storage/raw/M8784/M8784_L004_R2_009.fastq.gz
M8784,M8784,L004_010,s3://katerina-lind-storage/raw/M8784/M8784_L004_R1_010.fastq.gz,s3://katerina-lind-storage/raw/M8784/M8784_L004_R2_010.fastq.gz
M8784,M8784,L004_011,s3://katerina-lind-storage/raw/M8784/M8784_L004_R1_011.fastq.gz,s3://katerina-lind-storage/raw/M8784/M8784_L004_R2_011.fastq.gz
M8784,M8784,L004_012,s3://katerina-lind-storage/raw/M8784/M8784_L004_R1_012.fastq.gz,s3://katerina-lind-storage/raw/M8784/M8784_L004_R2_012.fastq.gz
M8784,M8784,L004_013,s3://katerina-lind-storage/raw/M8784/M8784_L004_R1_013.fastq.gz,s3://katerina-lind-storage/raw/M8784/M8784_L004_R2_013.fastq.gz
M8784,M8784,L004_014,s3://katerina-lind-storage/raw/M8784/M8784_L004_R1_014.fastq.gz,s3://katerina-lind-storage/raw/M8784/M8784_L004_R2_014.fastq.gz
M8784,M8784,L004_015,s3://katerina-lind-storage/raw/M8784/M8784_L004_R1_015.fastq.gz,s3://katerina-lind-storage/raw/M8784/M8784_L004_R2_015.fastq.gz
M8784,M8784,L004_016,s3://katerina-lind-storage/raw/M8784/M8784_L004_R1_016.fastq.gz,s3://katerina-lind-storage/raw/M8784/M8784_L004_R2_016.fastq.gz
M8884,M8884,L001_001,s3://katerina-lind-storage/raw/M8884/M8884_L001_R1_001.fastq.gz,s3://katerina-lind-storage/raw/M8884/M8884_L001_R2_001.fastq.gz
M8884,M8884,L001_002,s3://katerina-lind-storage/raw/M8884/M8884_L001_R1_002.fastq.gz,s3://katerina-lind-storage/raw/M8884/M8884_L001_R2_002.fastq.gz
M8884,M8884,L001_003,s3://katerina-lind-storage/raw/M8884/M8884_L001_R1_003.fastq.gz,s3://katerina-lind-storage/raw/M8884/M8884_L001_R2_003.fastq.gz
M8884,M8884,L001_004,s3://katerina-lind-storage/raw/M8884/M8884_L001_R1_004.fastq.gz,s3://katerina-lind-storage/raw/M8884/M8884_L001_R2_004.fastq.gz
M8884,M8884,L001_005,s3://katerina-lind-storage/raw/M8884/M8884_L001_R1_005.fastq.gz,s3://katerina-lind-storage/raw/M8884/M8884_L001_R2_005.fastq.gz
M8884,M8884,L001_006,s3://katerina-lind-storage/raw/M8884/M8884_L001_R1_006.fastq.gz,s3://katerina-lind-storage/raw/M8884/M8884_L001_R2_006.fastq.gz
M8884,M8884,L001_007,s3://katerina-lind-storage/raw/M8884/M8884_L001_R1_007.fastq.gz,s3://katerina-lind-storage/raw/M8884/M8884_L001_R2_007.fastq.gz
M8884,M8884,L001_008,s3://katerina-lind-storage/raw/M8884/M8884_L001_R1_008.fastq.gz,s3://katerina-lind-storage/raw/M8884/M8884_L001_R2_008.fastq.gz
M8884,M8884,L001_009,s3://katerina-lind-storage/raw/M8884/M8884_L001_R1_009.fastq.gz,s3://katerina-lind-storage/raw/M8884/M8884_L001_R2_009.fastq.gz
M8884,M8884,L001_010,s3://katerina-lind-storage/raw/M8884/M8884_L001_R1_010.fastq.gz,s3://katerina-lind-storage/raw/M8884/M8884_L001_R2_010.fastq.gz
M8884,M8884,L001_011,s3://katerina-lind-storage/raw/M8884/M8884_L001_R1_011.fastq.gz,s3://katerina-lind-storage/raw/M8884/M8884_L001_R2_011.fastq.gz
M8884,M8884,L001_012,s3://katerina-lind-storage/raw/M8884/M8884_L001_R1_012.fastq.gz,s3://katerina-lind-storage/raw/M8884/M8884_L001_R2_012.fastq.gz
M8884,M8884,L001_013,s3://katerina-lind-storage/raw/M8884/M8884_L001_R1_013.fastq.gz,s3://katerina-lind-storage/raw/M8884/M8884_L001_R2_013.fastq.gz
M8884,M8884,L001_014,s3://katerina-lind-storage/raw/M8884/M8884_L001_R1_014.fastq.gz,s3://katerina-lind-storage/raw/M8884/M8884_L001_R2_014.fastq.gz
M8884,M8884,L001_015,s3://katerina-lind-storage/raw/M8884/M8884_L001_R1_015.fastq.gz,s3://katerina-lind-storage/raw/M8884/M8884_L001_R2_015.fastq.gz
M8884,M8884,L001_016,s3://katerina-lind-storage/raw/M8884/M8884_L001_R1_016.fastq.gz,s3://katerina-lind-storage/raw/M8884/M8884_L001_R2_016.fastq.gz
M8884,M8884,L001_017,s3://katerina-lind-storage/raw/M8884/M8884_L001_R1_017.fastq.gz,s3://katerina-lind-storage/raw/M8884/M8884_L001_R2_017.fastq.gz
M8884,M8884,L001_018,s3://katerina-lind-storage/raw/M8884/M8884_L001_R1_018.fastq.gz,s3://katerina-lind-storage/raw/M8884/M8884_L001_R2_018.fastq.gz
M8884,M8884,L001_019,s3://katerina-lind-storage/raw/M8884/M8884_L001_R1_019.fastq.gz,s3://katerina-lind-storage/raw/M8884/M8884_L001_R2_019.fastq.gz
M8884,M8884,L001_020,s3://katerina-lind-storage/raw/M8884/M8884_L001_R1_020.fastq.gz,s3://katerina-lind-storage/raw/M8884/M8884_L001_R2_020.fastq.gz
M8884,M8884,L002_001,s3://katerina-lind-storage/raw/M8884/M8884_L002_R1_001.fastq.gz,s3://katerina-lind-storage/raw/M8884/M8884_L002_R2_001.fastq.gz
M8884,M8884,L002_002,s3://katerina-lind-storage/raw/M8884/M8884_L002_R1_002.fastq.gz,s3://katerina-lind-storage/raw/M8884/M8884_L002_R2_002.fastq.gz
M8884,M8884,L002_003,s3://katerina-lind-storage/raw/M8884/M8884_L002_R1_003.fastq.gz,s3://katerina-lind-storage/raw/M8884/M8884_L002_R2_003.fastq.gz
M8884,M8884,L002_004,s3://katerina-lind-storage/raw/M8884/M8884_L002_R1_004.fastq.gz,s3://katerina-lind-storage/raw/M8884/M8884_L002_R2_004.fastq.gz
M8884,M8884,L002_005,s3://katerina-lind-storage/raw/M8884/M8884_L002_R1_005.fastq.gz,s3://katerina-lind-storage/raw/M8884/M8884_L002_R2_005.fastq.gz
M8884,M8884,L002_006,s3://katerina-lind-storage/raw/M8884/M8884_L002_R1_006.fastq.gz,s3://katerina-lind-storage/raw/M8884/M8884_L002_R2_006.fastq.gz
M8884,M8884,L002_007,s3://katerina-lind-storage/raw/M8884/M8884_L002_R1_007.fastq.gz,s3://katerina-lind-storage/raw/M8884/M8884_L002_R2_007.fastq.gz
M8884,M8884,L002_008,s3://katerina-lind-storage/raw/M8884/M8884_L002_R1_008.fastq.gz,s3://katerina-lind-storage/raw/M8884/M8884_L002_R2_008.fastq.gz
M8884,M8884,L002_009,s3://katerina-lind-storage/raw/M8884/M8884_L002_R1_009.fastq.gz,s3://katerina-lind-storage/raw/M8884/M8884_L002_R2_009.fastq.gz
M8884,M8884,L002_010,s3://katerina-lind-storage/raw/M8884/M8884_L002_R1_010.fastq.gz,s3://katerina-lind-storage/raw/M8884/M8884_L002_R2_010.fastq.gz
M8884,M8884,L002_011,s3://katerina-lind-storage/raw/M8884/M8884_L002_R1_011.fastq.gz,s3://katerina-lind-storage/raw/M8884/M8884_L002_R2_011.fastq.gz
M8884,M8884,L002_012,s3://katerina-lind-storage/raw/M8884/M8884_L002_R1_012.fastq.gz,s3://katerina-lind-storage/raw/M8884/M8884_L002_R2_012.fastq.gz
M8884,M8884,L002_013,s3://katerina-lind-storage/raw/M8884/M8884_L002_R1_013.fastq.gz,s3://katerina-lind-storage/raw/M8884/M8884_L002_R2_013.fastq.gz
M8884,M8884,L002_014,s3://katerina-lind-storage/raw/M8884/M8884_L002_R1_014.fastq.gz,s3://katerina-lind-storage/raw/M8884/M8884_L002_R2_014.fastq.gz
M8884,M8884,L002_015,s3://katerina-lind-storage/raw/M8884/M8884_L002_R1_015.fastq.gz,s3://katerina-lind-storage/raw/M8884/M8884_L002_R2_015.fastq.gz
M8884,M8884,L002_016,s3://katerina-lind-storage/raw/M8884/M8884_L002_R1_016.fastq.gz,s3://katerina-lind-storage/raw/M8884/M8884_L002_R2_016.fastq.gz
M8884,M8884,L002_017,s3://katerina-lind-storage/raw/M8884/M8884_L002_R1_017.fastq.gz,s3://katerina-lind-storage/raw/M8884/M8884_L002_R2_017.fastq.gz
M8884,M8884,L002_018,s3://katerina-lind-storage/raw/M8884/M8884_L002_R1_018.fastq.gz,s3://katerina-lind-storage/raw/M8884/M8884_L002_R2_018.fastq.gz
M8884,M8884,L002_019,s3://katerina-lind-storage/raw/M8884/M8884_L002_R1_019.fastq.gz,s3://katerina-lind-storage/raw/M8884/M8884_L002_R2_019.fastq.gz
M8884,M8884,L002_020,s3://katerina-lind-storage/raw/M8884/M8884_L002_R1_020.fastq.gz,s3://katerina-lind-storage/raw/M8884/M8884_L002_R2_020.fastq.gz
M8884,M8884,L003_001,s3://katerina-lind-storage/raw/M8884/M8884_L003_R1_001.fastq.gz,s3://katerina-lind-storage/raw/M8884/M8884_L003_R2_001.fastq.gz
M8884,M8884,L003_002,s3://katerina-lind-storage/raw/M8884/M8884_L003_R1_002.fastq.gz,s3://katerina-lind-storage/raw/M8884/M8884_L003_R2_002.fastq.gz
M8884,M8884,L003_003,s3://katerina-lind-storage/raw/M8884/M8884_L003_R1_003.fastq.gz,s3://katerina-lind-storage/raw/M8884/M8884_L003_R2_003.fastq.gz
M8884,M8884,L003_004,s3://katerina-lind-storage/raw/M8884/M8884_L003_R1_004.fastq.gz,s3://katerina-lind-storage/raw/M8884/M8884_L003_R2_004.fastq.gz
M8884,M8884,L003_005,s3://katerina-lind-storage/raw/M8884/M8884_L003_R1_005.fastq.gz,s3://katerina-lind-storage/raw/M8884/M8884_L003_R2_005.fastq.gz
M8884,M8884,L003_006,s3://katerina-lind-storage/raw/M8884/M8884_L003_R1_006.fastq.gz,s3://katerina-lind-storage/raw/M8884/M8884_L003_R2_006.fastq.gz
M8884,M8884,L003_007,s3://katerina-lind-storage/raw/M8884/M8884_L003_R1_007.fastq.gz,s3://katerina-lind-storage/raw/M8884/M8884_L003_R2_007.fastq.gz
M8884,M8884,L003_008,s3://katerina-lind-storage/raw/M8884/M8884_L003_R1_008.fastq.gz,s3://katerina-lind-storage/raw/M8884/M8884_L003_R2_008.fastq.gz
M8884,M8884,L003_009,s3://katerina-lind-storage/raw/M8884/M8884_L003_R1_009.fastq.gz,s3://katerina-lind-storage/raw/M8884/M8884_L003_R2_009.fastq.gz
M8884,M8884,L003_010,s3://katerina-lind-storage/raw/M8884/M8884_L003_R1_010.fastq.gz,s3://katerina-lind-storage/raw/M8884/M8884_L003_R2_010.fastq.gz
M8884,M8884,L003_011,s3://katerina-lind-storage/raw/M8884/M8884_L003_R1_011.fastq.gz,s3://katerina-lind-storage/raw/M8884/M8884_L003_R2_011.fastq.gz
M8884,M8884,L003_012,s3://katerina-lind-storage/raw/M8884/M8884_L003_R1_012.fastq.gz,s3://katerina-lind-storage/raw/M8884/M8884_L003_R2_012.fastq.gz
M8884,M8884,L003_013,s3://katerina-lind-storage/raw/M8884/M8884_L003_R1_013.fastq.gz,s3://katerina-lind-storage/raw/M8884/M8884_L003_R2_013.fastq.gz
M8884,M8884,L003_014,s3://katerina-lind-storage/raw/M8884/M8884_L003_R1_014.fastq.gz,s3://katerina-lind-storage/raw/M8884/M8884_L003_R2_014.fastq.gz
M8884,M8884,L003_015,s3://katerina-lind-storage/raw/M8884/M8884_L003_R1_015.fastq.gz,s3://katerina-lind-storage/raw/M8884/M8884_L003_R2_015.fastq.gz
M8884,M8884,L003_016,s3://katerina-lind-storage/raw/M8884/M8884_L003_R1_016.fastq.gz,s3://katerina-lind-storage/raw/M8884/M8884_L003_R2_016.fastq.gz
M8884,M8884,L003_017,s3://katerina-lind-storage/raw/M8884/M8884_L003_R1_017.fastq.gz,s3://katerina-lind-storage/raw/M8884/M8884_L003_R2_017.fastq.gz
M8884,M8884,L003_018,s3://katerina-lind-storage/raw/M8884/M8884_L003_R1_018.fastq.gz,s3://katerina-lind-storage/raw/M8884/M8884_L003_R2_018.fastq.gz
M8884,M8884,L003_019,s3://katerina-lind-storage/raw/M8884/M8884_L003_R1_019.fastq.gz,s3://katerina-lind-storage/raw/M8884/M8884_L003_R2_019.fastq.gz
M8884,M8884,L004_001,s3://katerina-lind-storage/raw/M8884/M8884_L004_R1_001.fastq.gz,s3://katerina-lind-storage/raw/M8884/M8884_L004_R2_001.fastq.gz
M8884,M8884,L004_002,s3://katerina-lind-storage/raw/M8884/M8884_L004_R1_002.fastq.gz,s3://katerina-lind-storage/raw/M8884/M8884_L004_R2_002.fastq.gz
M8884,M8884,L004_003,s3://katerina-lind-storage/raw/M8884/M8884_L004_R1_003.fastq.gz,s3://katerina-lind-storage/raw/M8884/M8884_L004_R2_003.fastq.gz
M8884,M8884,L004_004,s3://katerina-lind-storage/raw/M8884/M8884_L004_R1_004.fastq.gz,s3://katerina-lind-storage/raw/M8884/M8884_L004_R2_004.fastq.gz
M8884,M8884,L004_005,s3://katerina-lind-storage/raw/M8884/M8884_L004_R1_005.fastq.gz,s3://katerina-lind-storage/raw/M8884/M8884_L004_R2_005.fastq.gz
M8884,M8884,L004_006,s3://katerina-lind-storage/raw/M8884/M8884_L004_R1_006.fastq.gz,s3://katerina-lind-storage/raw/M8884/M8884_L004_R2_006.fastq.gz
M8884,M8884,L004_007,s3://katerina-lind-storage/raw/M8884/M8884_L004_R1_007.fastq.gz,s3://katerina-lind-storage/raw/M8884/M8884_L004_R2_007.fastq.gz
M8884,M8884,L004_008,s3://katerina-lind-storage/raw/M8884/M8884_L004_R1_008.fastq.gz,s3://katerina-lind-storage/raw/M8884/M8884_L004_R2_008.fastq.gz
M8884,M8884,L004_009,s3://katerina-lind-storage/raw/M8884/M8884_L004_R1_009.fastq.gz,s3://katerina-lind-storage/raw/M8884/M8884_L004_R2_009.fastq.gz
M8884,M8884,L004_010,s3://katerina-lind-storage/raw/M8884/M8884_L004_R1_010.fastq.gz,s3://katerina-lind-storage/raw/M8884/M8884_L004_R2_010.fastq.gz
M8884,M8884,L004_011,s3://katerina-lind-storage/raw/M8884/M8884_L004_R1_011.fastq.gz,s3://katerina-lind-storage/raw/M8884/M8884_L004_R2_011.fastq.gz
M8884,M8884,L004_012,s3://katerina-lind-storage/raw/M8884/M8884_L004_R1_012.fastq.gz,s3://katerina-lind-storage/raw/M8884/M8884_L004_R2_012.fastq.gz
M8884,M8884,L004_013,s3://katerina-lind-storage/raw/M8884/M8884_L004_R1_013.fastq.gz,s3://katerina-lind-storage/raw/M8884/M8884_L004_R2_013.fastq.gz
M8884,M8884,L004_014,s3://katerina-lind-storage/raw/M8884/M8884_L004_R1_014.fastq.gz,s3://katerina-lind-storage/raw/M8884/M8884_L004_R2_014.fastq.gz
M8884,M8884,L004_015,s3://katerina-lind-storage/raw/M8884/M8884_L004_R1_015.fastq.gz,s3://katerina-lind-storage/raw/M8884/M8884_L004_R2_015.fastq.gz
M8884,M8884,L004_016,s3://katerina-lind-storage/raw/M8884/M8884_L004_R1_016.fastq.gz,s3://katerina-lind-storage/raw/M8884/M8884_L004_R2_016.fastq.gz
M8884,M8884,L004_017,s3://katerina-lind-storage/raw/M8884/M8884_L004_R1_017.fastq.gz,s3://katerina-lind-storage/raw/M8884/M8884_L004_R2_017.fastq.gz
M8884,M8884,L004_018,s3://katerina-lind-storage/raw/M8884/M8884_L004_R1_018.fastq.gz,s3://katerina-lind-storage/raw/M8884/M8884_L004_R2_018.fastq.gz
M8884,M8884,L004_019,s3://katerina-lind-storage/raw/M8884/M8884_L004_R1_019.fastq.gz,s3://katerina-lind-storage/raw/M8884/M8884_L004_R2_019.fastq.gz
